{"type": "block", "layer": 13, "block": 0, "features": [{"geom": {"pts": [[-2649.5316600410733, 999.0870672911406, 46.600284576416016]], "r": 77.9}, "mtl": 0}, {"geom": {"pts": [[355.8300299234688, -747.407123953104, 73.10620880126953]], "r": 77.9}, "mtl": 0}, {"geom": {"pts": [[-1502.008677292266, 38.678252732846886, 93.51173400878906]], "r": 77.9}, "mtl": 0}, {"geom": {"pts": [[8.358362261787988, -342.9201642591506, 70.64483642578125]], "r": 77.9}, "mtl": 0}], "featureCount": 4, "startIndex": 0}