{"type": "block", "layer": 14, "block": 11, "features": [{"geom": {"lines": [[-1729.4036847474054, -338.356505475007, 0.0, -1726.2583817583509, -376.72425210056826, 0.0, -1727.2388770093676, -381.2307235347107, 0.0, -1730.6397974189604, -386.772342605982, 0.0]]}, "mtl": 0}, {"geom": {"lines": [[-1703.6957573582185, -826.6231793067418, 0.0, -1654.6670253053308, -840.7887548403814, 0.0, -1607.191077931202, -854.5120945405215, 0.0, -1558.0773916118778, -868.6980858915485, 0.0, -1510.2817756362492, -882.4715285371058, 0.0, -1461.1294659414561, -896.7119125039317, 0.0]]}, "mtl": 0}, {"geom": {"lines": [[1085.1647256481228, -658.8262694976293, 0.0, 1091.110789519851, -645.9244064530358, 0.0, 1098.7960048073437, -633.9824552824721, 0.0, 1107.817527248757, -623.0066920462996, 0.0, 1118.0462725252146, -613.1322079841048, 0.0, 1129.3437898255652, -604.4942405438051, 0.0, 1141.5619160784408, -597.2059985725209, 0.0, 1154.5521441253368, -591.3585164085962, 0.0, 1168.1191264963709, -587.0435595666058, 0.0, 1182.1042987243272, -584.3079600259662, 0.0, 1197.6362223818433, -582.8124960181303, 0.0, 1213.2456004357664, -583.2787655913271, 0.0, 1228.6786315778736, -585.6552776852623, 0.0, 1243.7002503932454, -589.890250409022, 0.0, 1258.0847586032469, -595.9317570151761, 0.0, 1271.615132566425, -603.6833756524138, 0.0, 1284.0835418554489, -613.0374516574666, 0.0, 1295.3095666103764, -623.8415422947146, 0.0, 1305.1126113340724, -635.9321176181547, 0.0]]}, "mtl": 0}, {"geom": {"lines": [[1008.1700294773327, -1870.1978929610923, 0.0, 1012.1421987534268, -1796.6858181525022, 0.0, 1012.6208446397213, -1774.4647457315587, 0.0, 1010.98127655196, -1759.452004255727, 0.0, 1008.669349045027, -1747.000473671127, 0.0, 1005.1133635645965, -1734.7013990441337, 0.0, 996.267993739224, -1708.921411514748, 0.0, 990.570136124501, -1691.4765758458525, 0.0, 976.2890947783599, -1665.0825365646742, 0.0, 966.4044026052579, -1641.1596790561453, 0.0, 964.5826088256435, -1634.3010465875268, 0.0, 963.6389449681155, -1627.2623889506795, 0.0, 963.6032434565714, -1620.1541435387917, 0.0, 964.4682045979425, -1613.1095060035586, 0.0, 966.2260109109338, -1606.2284092893824, 0.0, 1001.9517785438802, -1493.1844207257964, 0.0, 1008.8086055028252, -1465.3078197580762, 0.0, 1012.8808894978138, -1443.9734279997647, 0.0, 1015.0032048298744, -1426.8060432076454, 0.0, 1017.2345720389858, -1400.997707896866, 0.0, 1022.1704729310004, -1362.9147719983011, 0.0, 1025.1721957300324, -1321.5903557902202, 0.0, 1025.6894551069709, -1306.0671327235177, 0.0, 1025.722260319395, -1276.2894805753604, 0.0, 1022.8882709915051, -1239.9467365806922, 0.0, 1017.4886048189364, -1215.7655290206894, 0.0, 1001.1663479268318, -1143.7228699489497, 0.0, 997.5460332812509, -1121.2661867346615, 0.0, 995.5086325422162, -1095.1472666575573, 0.0, 995.2001923134085, -1068.1252909246832, 0.0, 995.8371376075083, -1055.4725589165464, 0.0, 996.9522333694622, -1042.8345590890385, 0.0, 998.9617164534284, -1027.4544415697455, 0.0, 1001.6757478528889, -1012.1853402932175, 0.0, 1005.0948426162358, -997.0605170582421, 0.0, 1009.2098017502576, -982.0912044718862, 0.0, 1014.3332306536613, -962.6811938788742, 0.0, 1020.106185666169, -943.4606833169237, 0.0, 1026.5192948116455, -924.4298175000586, 0.0, 1034.6732059781207, -902.8543494893238, 0.0, 1043.6475052627502, -881.6098849237897, 0.0, 1053.4331655030837, -860.7187424339354, 0.0, 1057.2721651847241, -853.306121153757, 0.0, 1061.4983814475127, -846.0870871283114, 0.0, 1067.358640662278, -837.2899582176469, 0.0, 1073.7965933975065, -828.8830686747096, 0.0, 1080.7568916778546, -820.92273097625, 0.0, 1088.2303395712515, -813.4201775533147, 0.0, 1094.9309528305894, -807.4379309476353, 0.0, 1108.3957959706895, -798.9547525965609, 0.0, 1137.4173383719753, -770.1113895843737, 0.0, 1156.813969105482, -747.817073087208, 0.0, 1174.6281015552813, -725.6028449963778, 0.0, 1199.445399075863, -675.3653010386042, 0.0, 1206.3844659010647, -653.4426262620836, 0.0, 1209.426945676445, -642.4380422518589, 0.0, 1211.5377388057532, -632.3795685186051, 0.0, 1213.8789491852513, -614.2660101656802, 0.0, 1212.7010186122498, -598.2257686913945, 0.0, 1211.4701280001318, -575.7873042295687, 0.0, 1208.5591490487568, -561.5818017455749, 0.0, 1205.5526283144718, -552.0137261371128, 0.0]]}, "mtl": 0}, {"geom": {"lines": [[-2442.1623787704157, -288.76607491541654, 0.0, -2413.896500472096, -301.4327294938266, 0.0, -2385.196897686925, -315.5011273236014, 0.0]]}, "mtl": 0}, {"geom": {"lines": [[-2461.95210650668, -427.1823068386875, 0.0, -2411.3146365137072, -417.3836658638902, 0.0]]}, "mtl": 0}, {"geom": {"lines": [[-2323.2434249476064, -346.7178160883486, 0.0, -2361.498724049772, -328.4812269429676, 0.0, -2385.196897686925, -315.5011273236014, 0.0]]}, "mtl": 0}, {"geom": {"lines": [[-2401.3285416677827, -569.7300329124555, 0.0, -2357.0800222352846, -533.5566722382791, 0.0]]}, "mtl": 0}, {"geom": {"lines": [[-2419.818919849582, -540.0354895330966, 0.0, -2377.211350545287, -508.71136126760393, 0.0]]}, "mtl": 0}, {"geom": {"lines": [[-2307.2319043214666, -295.57058686437085, 0.0, -2323.2434249476064, -346.7178160883486, 0.0, -2330.521631799522, -378.2245657546446, 0.0]]}, "mtl": 0}, {"geom": {"lines": [[-2135.035203838139, -542.4577457304113, 0.0, -2149.2129134190036, -592.168841288425, 0.0, -2164.0785195297794, -637.9534504013136, 0.0]]}, "mtl": 0}, {"geom": {"lines": [[-1512.888621500344, -231.81413602503017, 0.0, -1433.9567198826699, -231.6797174178064, 0.0, -1391.7598563847132, -232.49640113394707, 0.0]]}, "mtl": 0}, {"geom": {"lines": [[-4555.081357533112, 558.8323610094376, 0.0, -4592.875500890543, 511.9753924445249, 0.0, -4625.895846416359, 461.6526056085713, 0.0]]}, "mtl": 0}, {"geom": {"lines": [[-2416.4402501626173, -237.18276909319684, 0.0, -2442.1623787704157, -288.76607491541654, 0.0, -2444.2963530690176, -295.0755205578171, 0.0, -2455.1110695885727, -329.41962380707264, 0.0, -2456.4292823128635, -336.3820394463837, 0.0, -2460.844384035212, -370.7173701804131, 0.0, -2461.669888734701, -379.26923865359277, 0.0, -2463.046834013192, -413.1368698272854, 0.0, -2461.95210650668, -427.1823068386875, 0.0, -2458.5040846612537, -447.4688361370936, 0.0, -2453.9544980678475, -467.4835160863586, 0.0, -2440.2068584823282, -502.6400964492932, 0.0, -2434.0584580743453, -514.4238200327381, 0.0, -2419.818919849582, -540.0354895330966, 0.0, -2406.3845910682576, -562.6096612536348, 0.0, -2401.3285416677827, -569.7300329124555, 0.0, -2374.6032966654748, -598.689110327512, 0.0, -2342.889480252168, -624.1785499206744, 0.0, -2309.48349145276, -644.4852495165542, 0.0, -2274.564759177272, -661.3641462959349, 0.0, -2240.965349524282, -670.9880074108951, 0.0, -2209.8727657753043, -678.4430894069374, 0.0, -2176.8920845156536, -686.8119178055786, 0.0, -2142.7702818324324, -696.8821750739589, 0.0, -2064.8526583566563, -718.4715976938605, 0.0, -1984.3561970609007, -742.616091589909, 0.0, -1952.722313033999, -751.7367119863629, 0.0, -1918.4622089703334, -761.626667169854, 0.0, -1884.85188826581, -771.9145916923881, 0.0, -1875.9046400204534, -775.4818755062297, 0.0, -1855.3129506685073, -783.7396319294348, 0.0, -1806.568998964969, -798.3095313985832, 0.0, -1757.1061041707871, -813.3118000118993, 0.0, -1703.6957573582185, -826.6231793067418, 0.0]]}, "mtl": 0}, {"geom": {"lines": [[-2227.4792100285413, -515.6997011564672, 0.0, -2240.94872635731, -565.1780428490601, 0.0, -2254.7888223496266, -608.1854463173077, 0.0, -2274.564759177272, -661.3641462959349, 0.0]]}, "mtl": 0}, {"geom": {"lines": [[-2167.3025654536905, -533.5236920309253, 0.0, -2183.0012649176642, -581.2062909970991, 0.0, -2194.5860783819808, -627.0738691450097, 0.0, -2209.8727657753043, -678.4430894069374, 0.0]]},