{"type": "block", "layer": 14, "block": 12, "features": [{"geom": {"lines": [[3203.3201997474534, -1938.2220233795233, 0.0, 3197.273240279057, -1936.9090579128824, 0.0, 3136.4616036032094, -1915.1674432745203, 0.0, 3071.928842055262, -1892.785504560452, 0.0, 3059.4846123656025, -1888.1465089074336, 0.0, 3028.3509571608156, -1877.4587223050185, 0.0, 2977.3004346665693, -1859.5435823658481, 0.0, 2927.637474770425, -1842.837334326934, 0.0, 2876.639883273747, -1824.687964911107, 0.0, 2791.1805755356327, -1797.5214582225308, 0.0, 2747.98530951445, -1783.817732796073, 0.0, 2703.7594092367217, -1768.9323027166538, 0.0, 2637.7923765106825, -1746.3927794368938, 0.0, 2602.7898032985395, -1734.5557535993867, 0.0, 2510.7385359205073, -1701.690423228778, 0.0, 2340.8216093124356, -1643.9856207338162, 0.0, 2165.4135984465247, -1582.6045816587284, 0.0, 2150.1363464436727, -1577.7316850889474, 0.0]]}, "mtl": 0}, {"geom": {"lines": [[2135.847040354274, -1572.5105593539774, 0.0, 2125.9440844197525, -1574.484714525286, 0.0]]}, "mtl": 0}, {"geom": {"lines": [[1061.4983814475127, -846.0870871283114, 0.0, 1089.3036287714494, -863.6420287503861, 0.0, 1103.458724404336, -872.3822660376318, 0.0, 1106.9340977622196, -875.9102242705412, 0.0, 1109.7839868981391, -880.1909748893231, 0.0, 1111.7601403406588, -884.9289530827664, 0.0, 1112.7851881386014, -889.970102689229, 0.0, 1112.8183703318937, -895.1043456224725, 0.0, 1111.8662885887315, -900.154135781806, 0.0, 1109.9633050024277, -904.9193136580288, 0.0, 1092.651074667112, -944.9364216648974, 0.0, 1090.5036841946421, -951.4576543956064, 0.0, 1089.6635519455886, -958.2801270061173, 0.0, 1090.1450976151973, -965.1263604057021, 0.0, 1091.9446948767873, -971.7635170319118, 0.0, 1094.9832489603432, -977.9266645074822, 0.0, 1099.1542494449532, -983.3956581326202, 0.0, 1104.3046868963866, -987.9732581102289, 0.0, 1123.8339221280767, -1000.5999938300811, 0.0, 1146.4038716309005, -1013.5119903781451, 0.0, 1184.9921223317506, -1031.4308932772838, 0.0, 1233.6526085761143, -1054.0389468916692, 0.0, 1243.7927402557107, -1058.2835636553355, 0.0, 1254.1405791253783, -1062.025870806072, 0.0, 1264.6584756773664, -1065.2553648827597, 0.0, 1275.3181490571005, -1067.9613963724114, 0.0, 1286.1008601143258, -1070.1442571743391, 0.0, 1301.7020912143635, -1072.440439010039, 0.0, 1317.1657168136444, -1075.5261489930563, 0.0, 1332.4540920046857, -1079.3908853754401, 0.0, 1347.529571657884, -1084.0241466257721, 0.0, 1362.3355996074388, -1089.4046364612877, 0.0, 1376.8628097671317, -1095.5325024658814, 0.0, 1502.5406015171902, -1169.991994164884, 0.0, 1557.0894239589106, -1199.9036911027506, 0.0, 1570.5126032242551, -1206.1261773714796, 0.0, 1594.0344327182975, -1217.5140576488338, 0.0]]}, "mtl": 0}, {"geom": {"lines": [[-1944.908525694511, -312.641012980137, 0.0, -1990.0471115246182, -299.60134531883523, 0.0, -2028.0643855469534, -288.3934534736909, 0.0, -2058.6991101837484, -278.9468871867284, 0.0, -2090.2934218400624, -269.85867196600884, 0.0, -2122.816111673368, -260.717991635669, 0.0, -2132.04001216474, -258.019755567424, 0.0, -2160.975937501178, -247.5155794848688, 0.0, -2233.083721110481, -217.09803530434147, 0.0, -2266.057812103885, -200.45585170201957, 0.0, -2280.064529742929, -191.952724811621, 0.0, -2327.1113164429553, -167.99483978329226, 0.0]]}, "mtl": 0}, {"geom": {"lines": [[-1944.908525694511, -312.641012980137, 0.0, -1975.881576755317, -414.1333556873724, 0.0, -1995.5991066378774, -488.1832481636666, 0.0, -2005.600503967842, -523.5468471222557, 0.0]]}, "mtl": 0}, {"geom": {"lines": [[-2292.980382533162, -4.90599548118189, 0.0, -2252.6044735172763, -26.481286782305688, 0.0, -2208.265240945737, -50.49120178818703, 0.0, -2161.5062480863417, -73.41044481378049, 0.0, -2116.650887093623, -94.3734285729006, 0.0, -2090.1471311714267, -103.93867511255667, 0.0, -2081.72373853717, -106.99288117978722, 0.0, -2058.1850605873624, -112.59982694499195, 0.0, -2026.6651834088843, -122.36554606910795, 0.0, -1995.4526331227971, -131.63681288063526, 0.0, -1962.989185492741, -141.21047816006467, 0.0, -1945.936293061939, -206.15920672891662, 0.0, -1940.2460652145091, -230.23740268032998, 0.0, -1938.3852529362775, -247.76447231601924, 0.0, -1937.9221318914788, -260.8990744561888, 0.0, -1938.9878981499933, -274.5450058244169, 0.0, -1944.908525694511, -312.641012980137, 0.0]]}, "mtl": 0}, {"geom": {"lines": [[3203.3201997474534, -1938.2220233795233, 0.0, 3222.702860256657, -1880.1575749129988, 0.0, 3235.328084990382, -1842.262189025525, 0.0, 3244.022844666848, -1819.5671454663388, 0.0, 3253.0793910790235, -1798.4190183468163, 0.0, 3271.198217997211, -1754.7141711278819, 0.0, 3288.2977940764977, -1711.7573478040285, 0.0, 3307.0870923621114, -1673.7311469502747, 0.0, 3310.1150901034707, -1665.4875452457927, 0.0, 3311.32369704952, -1660.721787671093, 0.0, 3311.5622751024785, -1657.4352838448249, 0.0, 3311.1601316623855, -1653.3382242149673, 0.0, 3309.5626242019935, -1647.7295954329893, 0.0, 3306.311824116856, -1643.6553808851168, 0.0, 3300.4893289369065, -1638.7456773021258, 0.0, 3296.826128767454, -1637.0402147225104, 0.0, 3285.3670962951146, -1631.2769096340053, 0.0, 3270.9618941004155, -1627.6673080832697, 0.0, 3116.6877495385706, -1599.9938309453428, 0.0, 3081.9045643174322, -1593.7556265280582, 0.0, 3024.526247594389, -1584.5467390939593, 0.0, 3019.2740783522604, -1583.6980201704428, 0.0, 2924.492895852076, -1566.1287402147427, 0.0, 2822.503984957002, -1547.2858665827662, 0.0, 2593.531233023503, -1505.288082152605, 0.0, 2511.536843704642, -1490.2419393355958, 0.0, 2433.123746764264, -1475.8597068982199, 0.0, 2270.7041842530016, -1446.5380170769058, 0.0, 2228.9232251461362, -1439.7967977998778, 0.0, 2202.5846936416347, -1440.6982055730186, 0.0, 2190.9820530129364, -1442.4440355831757, 0.0, 2180.760389529518, -1445.5988217173144, 0.0]]}, "mtl": 0}, {"geom": {"lines": [[1089.7160569230327, -707.9403491676785, 0.0, 1094.4746741949348, -714.4426598441787, 0.0, 1098.5743575305678, -721.3544872812927, 0.0, 1101.8839471348329, -728.6778768394142, 0.0, 1104.383149006986, -736.3133338065818, 0.0, 1106.0331046816427, -744.1727428841405, 0.0, 1106.8135195894865, -752.1566089875996, 0.0, 1106.7231817332795, -760.1873197229579, 0.0, 1105.7416235370329, -768.1542920512147, 0.0, 1103.905107159284, -775.9793289490044, 0.0, 1102.6517150709406, -786.3460204028524, 0.0]]}, "mtl": 0}, {"geom": {"lines": [[1043.6475052627502, -881.6098849237897, 0.0, 1059.684985551401, -863.2164232796058, 0.0, 1070.5395725542912, -857.4023553710431, 0.0, 1089.3036287714494, -863.6420287503861, 0.0]]}, "mtl": 0}, {"geom": {"lines": [[986.845303589711, -1903.0574304182082, 0.0, 991.34278725076, -1904.1962290764786, 0.0, 994.9810782225104, -1904.9269782155752, 0.0, 998.6808596433839, -1904.7917351955548, 0.0, 1002.2550839766627, -1903.8155929902568, 0.0, 1005.5170491196914, -1902.0458198036067, 0.0, 1008.2715469911927, -1899.585267397575, 0.0, 1010.3891297761584, -1896.5468538017012, 0.0, 1011.7415588117437, -1893.121109437663, 0.0]]}, "mtl": 0}, {"geom": {"lines": [[2493.8893732037395, -2210.244132641703, 0.0, 2491.5105680363486, -2219.2979064132087, 0.0, 2476.430037231534, -2293.1964314519428, 0.0, 2458.398908904637, -2357.0824295366183, 0.0]]}, "mtl": 0}, {"geom": {"lines": [[2143.1111903658602, -1385.0268823113292, 0.0, 2138.744066035957, -1404.7362299435772, 0.0, 2137.65364443243, -1431.4032017290592, 0.0, 2138.95034006855, -1438.1922690980136, 0.0, 2141.909810523386, -1442.8481013416313, 0.0, 2148.461366968928, -1448.2793414318003, 0.0]]}, "mtl": 0}, {"geom": {"lines": [[930.5482132317265, -1782.618508005049, 0.0, 925.6081916980911, -1820.4796049990691, 0.0, 921.9751991286175, -1837.548468902707, 0.0, 915.4270366920391, -1852.7773734093644, 0.0, 907.1711944714189, -1863.6633232156746, 0.0, 887.6760405366076, -1880.413419123739, 0.0]]},