{"type": "block", "layer": 23, "block": 0, "features": [{"geom": {"pts": [[-2372.9999854975613, 52.32943249074742, 46.600284576416016]], "r": 77.9}, "mtl": 0}, {"geom": {"pts": [[632.3617044669809, -1694.1647587534972, 73.10620880126953]], "r": 77.9}, "mtl": 0}, {"geom": {"pts": [[-1225.4770027487539, -908.0793820675462, 93.51173400878906]], "r": 77.9}, "mtl": 0}, {"geom": {"pts": [[284.89003680530004, -1289.6777990595438, 70.64483642578125]], "r": 77.9}, "mtl": 0}], "featureCount": 4, "startIndex": 0}