{"type": "block", "layer": 18, "block": 18, "features": [{"geom": {"lines": [[-3149.2156260560732, 988.1562845669687, 0.0, -3120.879954814911, 1032.4587552682497, 0.0, -3116.354064643383, 1041.6878504259512, 0.0, -3097.7874023700133, 1077.103057956323, 0.0, -3081.9741181042045, 1103.793002572842, 0.0, -3054.2169021157315, 1145.4253154662438, 0.0, -3049.109410673147, 1150.9037855337374, 0.0, -3043.4115338001866, 1155.7591053093784, 0.0, -3037.188169100322, 1159.94592912402, 0.0, -3030.522442915244, 1163.3853640924208, 0.0, -3023.5075228837086, 1166.042724412866, 0.0, -3016.7369291237555, 1168.1307852468453, 0.0, -3009.178495877306, 1173.2473082318902, 0.0, -3002.6166353441076, 1179.202610843815, 0.0, -2996.596989175072, 1185.6930814865045, 0.0, -2991.1752561061876, 1192.6846020962112, 0.0, -2986.3785262869205, 1200.110219719354, 0.0, -2973.515315999277, 1225.446879815776, 0.0, -2967.0757393026724, 1236.3575753844343, 0.0, -2960.499143578345, 1245.6512216040865, 0.0, -2957.5209656136576, 1248.2028653565794, 0.0, -2953.897970162099, 1249.6331404829398, 0.0, -2948.659153700806, 1250.167529872153, 0.0, -2890.201503259712, 1218.0864941258915, 0.0]]}, "mtl": 0}, {"geom": {"lines": [[-3016.7369291237555, 1168.1307852468453, 0.0, -2933.033618586487, 1113.6434753872454, 0.0, -2915.112220405019, 1102.1274936157279, 0.0, -2912.655166823766, 1098.904423146043, 0.0, -2910.9503015145892, 1095.237397773657, 0.0, -2910.0936624244787, 1091.280215668492, 0.0, -2910.107022428885, 1087.2321652146056, 0.0, -2910.3097818947863, 1079.6213453202508, 0.0, -2911.056534720352, 1072.046607853379, 0.0, -2912.33842070424, 1064.5413577957079, 0.0, -2914.1559471319197, 1057.1388576659374, 0.0, -2915.7110601788154, 1055.274256576784, 0.0, -2917.646949744085, 1053.803101675585, 0.0, -2919.871120979078, 1052.804430463817, 0.0, -2922.4309175582603, 1052.3107927553356, 0.0, -2925.0376314994646, 1052.4374813572504, 0.0, -2927.541381261777, 1053.1867766776122, 0.0, -2945.7347264233977, 1059.7857813392766, 0.0, -2948.9354733425425, 1060.1585089354776, 0.0, -2952.155383434845, 1059.9431766062044, 0.0, -2955.272679008078, 1059.1416368656792, 0.0, -2958.890349041554, 1057.3565676426515, 0.0, -2961.9901976084802, 1054.7919872873463, 0.0, -2973.6124689978315, 1042.105699164793, 0.0, -2979.667978324229, 1035.5037744105794, 0.0, -2986.1705173607916, 1029.338654591702, 0.0, -2993.092489056522, 1023.6440302249976, 0.0, -3000.39659127139, 1018.4315594062209, 0.0, -3009.0400993602816, 1013.1876370087266, 0.0, -3018.0880139914807, 1008.6584225255065, 0.0, -3024.8852318248246, 1005.849115001969, 0.0, -3031.829204618116, 1003.4479104955681, 0.0, -3036.4526857421733, 1002.4904180276208, 0.0, -3041.168904213817, 1002.0860170400701, 0.0, -3045.884183146758, 1002.236131739337, 0.0, -3051.1344980607973, 1003.0656939982437, 0.0, -3056.2264762392733, 1004.5741548519582, 0.0, -3116.354064643383, 1041.6878504259512, 0.0]]}, "mtl": 0}, {"geom": {"lines": [[-2948.659153700806, 1250.167529872153, 0.0, -2953.48811443476, 1263.9565559937619, 0.0, -2953.853237413452, 1267.6328788925894, 0.0, -2959.6383125140565, 1274.6757365721278, 0.0, -2960.9761070063105, 1279.4684420623817, 0.0, -2957.8443929299247, 1286.092449370306, 0.0, -2953.7431797968457, 1295.5037054480053, 0.0, -2945.931159106316, 1295.6447350722738, 0.0, -2941.0174156469293, 1299.0686725517735, 0.0, -2914.937525626272, 1309.2357879290357, 0.0, -2873.6999285940547, 1325.0788752436638, 0.0, -2861.8545002222527, 1327.998417513445, 0.0, -2831.51716421498, 1328.6820810628124, 0.0, -2803.526727522025, 1330.8937876066193, 0.0, -2786.5471949053463, 1333.8361579864286, 0.0, -2779.667212365428, 1334.8835952915251, 0.0, -2773.1515426016413, 1335.8589483010583, 0.0, -2762.6907850003336, 1334.9536486542784, 0.0, -2751.5878758097533, 1331.873411287088, 0.0, -2734.0203762052115, 1325.7421141439117, 0.0, -2631.533493234194, 1286.8033703509718, 0.0, -2604.533785245265, 1275.9586742888205, 0.0, -2595.839587755152, 1272.3206461444497, 0.0]]}, "mtl": 0}, {"geom": {"lines": [[-2933.033618586487, 1113.6434753872454, 0.0, -2914.6186847671634, 1141.7373665990308, 0.0]]}, "mtl": 0}, {"geom": {"lines": [[-2773.1515426016413, 1335.8589483010583, 0.0, -2784.0047203798313, 1348.3806060594507, 0.0, -2791.6178314232966, 1353.0222675641999, 0.0, -2841.4115030107787, 1371.7713492084295, 0.0, -2845.506190468208, 1376.710598696489, 0.0, -2849.382223982364, 1383.904448684305, 0.0, -2854.4184531581122, 1400.8398378542624, 0.0, -2855.0498661928577, 1409.0811858768575, 0.0, -2853.9469101496506, 1419.1011580321938, 0.0, -2843.112829786027, 1450.2848374834284, 0.0, -2842.7022100593895, 1456.545850568451, 0.0, -2844.3320380644873, 1464.516927676741, 0.0, -2855.832905467367, 1510.3653398146853, 0.0, -2859.891717187362, 1545.569756144192, 0.0, -2861.7614498622715, 1561.300185430795, 0.0, -2868.306697860593, 1577.0481568700634, 0.0]]}, "mtl": 0}, {"geom": {"lines": [[-2593.990078519564, 1288.0523095182143, 0.0, -2601.288646203233, 1280.0449228789657, 0.0, -2604.533785245265, 1275.9586742888205, 0.0, -2617.1125559611246, 1248.0085756466724, 0.0, -2626.0864405143075, 1226.3571332213469, 0.0, -2635.077346820035, 1197.8296359130181, 0.0, -2639.8104514726438, 1178.8711949330755, 0.0, -2642.2144556867424, 1160.170062401332, 0.0, -2642.250125894556, 1150.8317311541177, 0.0, -2642.2759479810484, 1142.6912711071782, 0.0, -2637.71607521805, 1058.0774795617908, 0.0, -2636.9646410866408, 1037.6722307885066, 0.0]]}, "mtl": 0}, {"geom": {"lines": [[-2636.9646410866408, 1037.6722307885066, 0.0, -2636.4604619857855, 1020.5791255007498, 0.0, -2637.9277595249005, 1006.1951996171847, 0.0, -2641.2000690589193, 987.9022579835728, 0.0]]}, "mtl": 0}, {"geom": {"lines": [[-2637.71607521805, 1058.0774795617908, 0.0, -2628.4702823907137, 1058.2184259416535, 0.0, -2610.996421711403, 1056.422085987404, 0.0, -2591.469807878835, 1052.1174654713832, 0.0, -2578.5369040049845, 1049.4867291222326, 0.0, -2555.23248787818, 1047.5243325075135, 0.0, -2549.533849923406, 1046.790589851793, 0.0, -2512.8800701448927, 1051.7524642562494, 0.0, -2468.3995786422165, 1058.9742895369418, 0.0, -2421.4465642273426, 1063.195396731142, 0.0, -2417.7985104793916, 1064.8258705739863, 0.0, -2413.7074693655595, 1068.1266118073836, 0.0, -2412.753323039855, 1071.9117854544893, 0.0, -2412.747816079762, 1086.8944878485054, 0.0, -2399.868031321792, 1115.3595949714072, 0.0, -2397.449572059326, 1118.3575567915104, 0.0, -2392.6534008140443, 1122.112675677985, 0.0, -2388.333282464533, 1123.908683954738, 0.0, -2383.6425263511483, 1124.1355704651214, 0.0, -2331.3747201763326, 1108.5649527227506, 0.0, -2232.903390469495, 1069.6242533079349, 0.0]]}, "mtl": 0}, {"geom": {"lines": [[-2628.2748709372245, 1036.7955097262748, 0.0, -2628.4702823907137, 1058.2184259416535, 0.0, -2633.958923075814, 1133.0699405041523, 0.0, -2633.2178364330903, 1158.2111991341226, 0.0, -2628.582193272654, 1184.177043350879, 0.0, -2621.9399620374897, 1208.1994629185647, 0.0, -2612.089977798867, 1235.686522591859, 0.0, -2604.5473888283595, 1253.5011906758882, 0.0, -2595.839587755152, 1272.3206461444497, 0.0]]}, "mtl": 0}, {"geom": {"lines": [[-2631.533493234194, 1286.8033703509718, 0.0, -2626.5578566921176, 1273.8706448934972, 0.0, -2622.6339488181984, 1263.5502190757543, 0.0, -2617.1125559611246, 1248.0085756466724, 0.0]]}, "mtl": 0}, {"geom": {"lines": [[-2584.1161160594784, 1309.0410253647715, 0.0, -2598.967137566651, 1302.3047107239254, 0.0, -2614.5732143155765, 1295.3129264102317, 0.0, -2631.533493234194, 1286.8033703509718, 0.0]]}, "mtl": 0}, {"geom": {"lines": [[-2616.2077189956326, 988.3165227300487, 0.0, -2622.397286256426, 1007.7294832868502, 0.0, -2625.7848687331425, 1021.5847088908777, 0.0, -2628.2748709372245, 1036.7955097262748, 0.0]]},